path,kind,name,line,end_line
src/formatter/data_formatter.py,ClassDef,CastrationValidator,11,87
src/formatter/data_formatter.py,FunctionDef,__init__,14,24
src/formatter/data_formatter.py,FunctionDef,validate_castration_type,26,75
src/formatter/data_formatter.py,FunctionDef,get_summary,77,87
src/formatter/data_formatter.py,ClassDef,CatlandFormatter,90,627
src/formatter/data_formatter.py,FunctionDef,__init__,196,212
src/formatter/data_formatter.py,FunctionDef,load_data,214,257
src/formatter/data_formatter.py,FunctionDef,_count_sales,259,271
src/formatter/data_formatter.py,FunctionDef,_build_sales_patterns,273,290
src/formatter/data_formatter.py,FunctionDef,_process_castration_type,292,312
src/formatter/data_formatter.py,FunctionDef,process_castrations,314,322
src/formatter/data_formatter.py,FunctionDef,process_vaccines_and_tests,324,343
src/formatter/data_formatter.py,FunctionDef,create_formatted_file,345,440
src/formatter/data_formatter.py,FunctionDef,_get_value_for_item,442,591
src/formatter/data_formatter.py,FunctionDef,run,593,627
src/formatter/data_formatter.py,FunctionDef,format_data,630,642
src/formatter/vaccine_test_processor.py,ClassDef,VaccineTestProcessor,14,444
src/formatter/vaccine_test_processor.py,FunctionDef,__init__,36,52
src/formatter/vaccine_test_processor.py,FunctionDef,load_data,54,123
src/formatter/vaccine_test_processor.py,FunctionDef,_normalize_column_name,125,152
src/formatter/vaccine_test_processor.py,FunctionDef,_is_paid_service,154,191
src/formatter/vaccine_test_processor.py,FunctionDef,_is_authorized_user,193,207
src/formatter/vaccine_test_processor.py,FunctionDef,_count_vaccine,209,248
src/formatter/vaccine_test_processor.py,FunctionDef,_count_test,250,289
src/formatter/vaccine_test_processor.py,FunctionDef,_calculate_revenue,291,360
src/formatter/vaccine_test_processor.py,FunctionDef,process_vaccines_and_tests,362,410
src/formatter/vaccine_test_processor.py,FunctionDef,get_data,412,419
src/formatter/vaccine_test_processor.py,FunctionDef,run,421,444
src/scraper/appointment_extractor.py,ClassDef,AppointmentExtractor,12,268
src/scraper/appointment_extractor.py,FunctionDef,__init__,15,18
src/scraper/appointment_extractor.py,FunctionDef,extract_appointments,20,65
src/scraper/appointment_extractor.py,FunctionDef,_format_date_for_url,67,76
src/scraper/appointment_extractor.py,FunctionDef,download_appointments_pdf_direct,78,142
src/scraper/appointment_extractor.py,FunctionDef,_setup_download_directory,144,159
src/scraper/appointment_extractor.py,FunctionDef,_wait_for_pdf_download,161,221
src/scraper/appointment_extractor.py,FunctionDef,_is_file_complete,223,235
src/scraper/appointment_extractor.py,FunctionDef,_cleanup_duplicate_pdfs,237,263
src/scraper/appointment_extractor.py,FunctionDef,set_date_filter,265,268
src/scraper/config.py,ClassDef,Config,9,174
src/scraper/config.py,FunctionDef,__init__,10,24
src/scraper/config.py,FunctionDef,_load_config,26,39
src/scraper/config.py,FunctionDef,get_config,41,61
src/scraper/config.py,FunctionDef,get_credential,63,83
src/scraper/config.py,FunctionDef,get_months,85,101
src/scraper/config.py,FunctionDef,get_date_range_from_month,103,134
src/scraper/config.py,FunctionDef,validate_credentials,136,156
src/scraper/config.py,FunctionDef,get_browser_config,158,165
src/scraper/config.py,FunctionDef,get_logging_config,167,174
src/scraper/logger.py,ClassDef,Logger,8,87
src/scraper/logger.py,FunctionDef,__init__,9,37
src/scraper/logger.py,FunctionDef,_setup_file_handler,39,67
src/scraper/logger.py,FunctionDef,debug,69,71
src/scraper/logger.py,FunctionDef,info,73,75
src/scraper/logger.py,FunctionDef,warning,77,79
src/scraper/logger.py,FunctionDef,error,81,83
src/scraper/logger.py,FunctionDef,critical,85,87
src/scraper/pdf_converter.py,ClassDef,PDFConverter,10,312
src/scraper/pdf_converter.py,FunctionDef,__init__,13,14
src/scraper/pdf_converter.py,FunctionDef,convert_pdf_to_excel,16,75
src/scraper/pdf_converter.py,FunctionDef,_extract_appointments_from_pdf,77,140
src/scraper/pdf_converter.py,FunctionDef,_extract_veterinario_names,142,162
src/scraper/pdf_converter.py,FunctionDef,_table_has_header,164,174
src/scraper/pdf_converter.py,FunctionDef,_parse_simplesvet_table,176,283
src/scraper/pdf_converter.py,FunctionDef,_get_cell_value,285,294
src/scraper/pdf_converter.py,FunctionDef,_is_valid_date,296,312
src/scraper/procedure_extractor.py,ClassDef,ProcedureExtractor,13,336
src/scraper/procedure_extractor.py,FunctionDef,__init__,15,17
src/scraper/procedure_extractor.py,FunctionDef,extract_procedures,19,54
src/scraper/procedure_extractor.py,FunctionDef,_extract_by_event_type,56,238
src/scraper/procedure_extractor.py,FunctionDef,select_calendar_date,106,181
src/scraper/procedure_extractor.py,FunctionDef,_cleanup_old_atendimentos_files,240,253
src/scraper/procedure_extractor.py,FunctionDef,_wait_for_excel_download,255,304
src/scraper/procedure_extractor.py,FunctionDef,_rename_excel_file,306,336
src/scraper/scraper.py,ClassDef,SimplesVetScraper,7,176
src/scraper/scraper.py,FunctionDef,__init__,10,12
src/scraper/scraper.py,FunctionDef,validate_configuration,14,52
src/scraper/scraper.py,FunctionDef,run,54,176
src/scraper/simplesvet_actions.py,ClassDef,SimplesVetActions,11,355
src/scraper/simplesvet_actions.py,FunctionDef,__init__,12,39
src/scraper/simplesvet_actions.py,FunctionDef,start_browser,41,52
src/scraper/simplesvet_actions.py,FunctionDef,close_browser,54,58
src/scraper/simplesvet_actions.py,FunctionDef,_find_element_by_selectors,60,74
src/scraper/simplesvet_actions.py,FunctionDef,login,76,169
src/scraper/simplesvet_actions.py,FunctionDef,_verify_login,171,209
src/scraper/simplesvet_actions.py,FunctionDef,get_appointments_data,212,247
src/scraper/simplesvet_actions.py,FunctionDef,get_vendas_data,249,282
src/scraper/simplesvet_actions.py,FunctionDef,get_procedures_data,284,320
src/scraper/simplesvet_actions.py,FunctionDef,navigate_to_appointments,322,355
src/scraper/venda_extractor.py,ClassDef,VendaExtractor,13,196
src/scraper/venda_extractor.py,FunctionDef,__init__,15,17
src/scraper/venda_extractor.py,FunctionDef,extract_vendas,19,135
src/scraper/venda_extractor.py,FunctionDef,select_calendar_date,56,93
src/scraper/venda_extractor.py,FunctionDef,_wait_for_csv_download,137,150
src/scraper/venda_extractor.py,FunctionDef,_filter_and_save_csv,152,196
src/scraper/webdriver_manager.py,ClassDef,WebDriverManager,18,234
src/scraper/webdriver_manager.py,FunctionDef,__init__,19,32
src/scraper/webdriver_manager.py,FunctionDef,start_browser,34,56
src/scraper/webdriver_manager.py,FunctionDef,_start_chrome,58,90
src/scraper/webdriver_manager.py,FunctionDef,_get_download_directory,92,107
src/scraper/webdriver_manager.py,FunctionDef,_start_firefox,109,120
src/scraper/webdriver_manager.py,FunctionDef,navigate_to,122,144
src/scraper/webdriver_manager.py,FunctionDef,find_element_by_selectors,146,173
src/scraper/webdriver_manager.py,FunctionDef,wait_for_element_clickable,175,196
src/scraper/webdriver_manager.py,FunctionDef,get_current_url,198,207
src/scraper/webdriver_manager.py,FunctionDef,get_page_title,209,218
src/scraper/webdriver_manager.py,FunctionDef,close_browser,220,230
src/scraper/webdriver_manager.py,FunctionDef,__del__,232,234
