path,bytes,lines,blob_sha,sha256
.gitignore,128,19,638303dfc8356d8e9dacbf1e56dfe4e7b34341bb,18c3bffb56dccc5b941741a6f60db5509c0a2fa8c5370d26f2e273cf9d0f52d8
LICENSE,2140,41,d909f1ce8e2c2d3e5f91b1ad0ee07ed12496d6b8,ffbd88fdbb2a05a021e51e8f70b05f2030f270f07761dc70ac671b088614bfdf
README.md,1543,67,509404c74cb911551f06852bf85f6df0c607e5bd,b78f871e77995932b232e238eb6d7fa01f1091d1401432123e03bc3101acbf50
config/config.json.template,406,24,7e95c3d399cd4b84027ce3a949e6691fb2cee51d,aa536629a7e813d1b6ae5b33a7cda5d6373a907d06d40651c7dbded29391060a
logs/.gitkeep,0,0,e69de29bb2d1d6434b8b29ae775ad8c2e48c5391,e3b0c44298fc1c149afbf4c8996fb92427ae41e4649b934ca495991b7852b855
main.py,1775,53,aa910f140dd5972c63c3aadb305d03f8b2661110,985b2922d15cbd7e1f8c8fbf7c9b0c10e5b54050d302c805981f616207f15fa2
requirements.txt,147,9,1063b03b43a4fe8f308b6f59b8e6b2cd58f8dcf0,6af7e59a265221ee43e301dd6c19095312b7f4e2ceff5e7718bee193bd0d1f42
src/__init__.py,0,0,e69de29bb2d1d6434b8b29ae775ad8c2e48c5391,e3b0c44298fc1c149afbf4c8996fb92427ae41e4649b934ca495991b7852b855
src/formatter/__init__.py,105,3,a0c472741fa67afdafe46496e1591156b169afef,4fd8d902b198f656bc5b20280d61c28547306cbb8f172c1f55ebb78db4b15409
src/formatter/data_formatter.py,25674,642,30bb6096a8a02aaa26121b3763da8442798c7670,325e846c456c3d6ec152e7e367ad35eebce7311d146fa954541a32b175d7c408
src/formatter/vaccine_test_processor.py,16781,444,d5aa54f804e26e68b32c09a31a98e8a416b3b6ef,4a517f2736a061f38689293a467ebcb97c5d35a9b5015b26f495309720ae241d
src/scraper/__init__.py,330,15,8fda61cbbcb9ea63805944cec1ed6178a63db8fc,1b7c87115fe2445e0f38c4f3bed363426f15b4f7e9ed4591d137f93ff5846b26
src/scraper/appointment_extractor.py,12239,268,9534958e09ff2561a8dd1109cd7554a3597e689f,7cef66c9d07c65e66c96d4d60e697d20082ad97eefa5e10c2d0b62621985c38b
src/scraper/config.py,5679,174,8e2e0586d500ee7371322b4657b68049df8429dd,f34932190cf789220ec5730b77fb9fbd324b3075677a0266d4b33defb081adc8
src/scraper/logger.py,2901,91,402a9e865bbc88a40538a1fc36c8014fa51d4c3a,6d81a85fcccd0d2ad612d3c59a92a3064df9efa3633d7a8e840b0e3e8dae704c
src/scraper/pdf_converter.py,14169,312,cc07c724a16cda9afa0fbb8d6e8d47e1734e0a1d,976b72e104554f98a9d9874e700e924bc898f3fe97700123ab2acafa2a187ef9
src/scraper/procedure_extractor.py,14558,336,673dc551f7e874c48c0e5c3e36662544c8b30984,da6787c1a89d0699ca6076fbbe7d68c972dfd805d5879d45233313cdb7e6f212
src/scraper/scraper.py,7676,176,cc3d2bd9cc2ea713ef9e136988a27af9b8648554,07c22c6cffbcea86b4a3be6f4625249b84078bbe923b9db034ec3a5fa276281d
src/scraper/simplesvet_actions.py,13261,355,e0d9b84cac5efefc1253bb83ee3e89f2a36e7d4e,183b491c3fa74b6da6cfd5a46e25364df9ff7a2eb52d97e3c0f546fa4a0f95d3
src/scraper/venda_extractor.py,9060,196,0d27a8c18692e11271fd7720b0e9474b4f3ad54b,450f4536b5aa694611b753b29b1bf3d65a54df64e5f373806dec1b5a4f8f9673
src/scraper/webdriver_manager.py,8588,234,48d40f18ddcd71231041540f2f3e39b099f7a086,2ecafb3716fe1c99b401cd3334df2e2d3bbac0505da5c8b7cc99e4f8443c3711
